<?xml version = '1.0' encoding = 'UTF-8'?>
<relationalModel class="oracle.dbtools.crest.model.design.relational.RelationalDesign" name="Relational_1" id="D15BF466-EC05-A5A2-8E40-D377EA293ABF" mainViewID="72715345-DEA3-6E33-E1C9-06DD76EC7A08">
<createdBy>7fprog02</createdBy>
<createdTime>2016-05-10 17:34:20 UTC</createdTime>
<generatorID>Generado por el Usuario</generatorID>
<ownerDesignName>MODELO_LOGICO</ownerDesignName>
<shouldBeOpen>false</shouldBeOpen>
<selectedRDBMSSite>32076570-2523-435C-2E92-BF29817DFF70</selectedRDBMSSite>
</relationalModel>